variable,unidad,auc_trapecio,auc_simpson,diferencia_%
T,sol/seg · usuarios,119996.9004288696,119996.90597964797,4.6257679093921544e-06
L,ms · usuarios,268278.13400802366,268200.88223146426,0.02880369964358451
E,% · usuarios,8036.476396067655,8036.300482909753,0.002188981836556036
